<application>
  <component name="MaterialThemeConfig">
    <option name="allowDataCollection" value="true" />
    <option name="compactDropdowns" value="true" />
    <option name="isCompactMenus" value="true" />
    <option name="isCompactStatusBar" value="true" />
    <option name="isCompactTables" value="true" />
    <option name="isMaterialDesign" value="false" />
    <option name="isWizardShown" value="true" />
    <option name="pristineConfig" value="false" />
    <option name="statusBarTheme" value="false" />
    <option name="settingsSelectedTab" value="2" />
    <option name="accentColor" value="80cbc4" />
    <option name="selectedTheme" value="CUSTOM" />
    <option name="userId" value="a983928:16e843d1128:-8000" />
    <option name="version" value="4.5.2" />
  </component>
</application>