<application>
  <component name="MaterialThemeConfig">
    <option name="allowDataCollection" value="true" />
    <option name="compactDropdowns" value="true" />
    <option name="isCompactMenus" value="true" />
    <option name="isCompactStatusBar" value="true" />
    <option name="isCompactTables" value="true" />
    <option name="isWizardShown" value="true" />
    <option name="overrideAccentColor" value="false" />
    <option name="pristineConfig" value="false" />
    <option name="statusBarTheme" value="false" />
    <option name="themedScrollbars" value="false" />
    <option name="settingsSelectedTab" value="4" />
    <option name="accentColor" value="00bcd4" />
    <option name="selectedTheme" value="SOLARIZED_DARK" />
    <option name="userId" value="a983928:16e843d1128:-8000" />
    <option name="version" value="4.10.0" />
  </component>
</application>