<application>
  <component name="MaterialThemeConfig">
    <option name="contrastMode" value="true" />
    <option name="premium" value="true" />
    <option name="allowDataCollection" value="true" />
    <option name="isContrastMode" value="true" />
    <option name="isWizardShown" value="true" />
    <option name="accentColor" value="d33682" />
    <option name="selectedTheme" value="SOLARIZED_DARK" />
    <option name="userId" value="20624ae:17ca5fafc83:-8000" />
    <option name="version" value="6.9.1" />
  </component>
</application>