<application>
  <component name="DefaultFont">
    <option name="FONT_FAMILY" value="Ubuntu Mono" />
  </component>
  <component name="EditorSettings">
    <option name="ENABLE_RENDERED_DOC" value="true" />
    <option name="ADDITIONAL_PAGE_AT_BOTTOM" value="true" />
  </component>
  <component name="TodoConfiguration">
    <pattern pattern="\btodo\b.*" />
    <pattern icon="important" pattern="\bfixme\b.*" />
    <pattern icon="important" pattern="\bnote\b.*" />
    <pattern icon="important" pattern="\bnotice\b.*" />
    <pattern icon="question" pattern="\bpending\b.*" />
  </component>
</application>