<application>
  <component name="MaterialThemeConfig">
    <option name="compactMenus" value="false" />
    <option name="compactStatusBar" value="false" />
    <option name="compactTables" value="false" />
    <option name="highlightColorEnabled" value="true" />
    <option name="premium" value="true" />
    <option name="allowDataCollection" value="true" />
    <option name="isHighlightColorEnabled" value="true" />
    <option name="overrideAccentColor" value="false" />
    <option name="pristineConfig" value="false" />
    <option name="statusBarTheme" value="false" />
    <option name="treeFontSizeEnabled" value="true" />
    <option name="settingsSelectedTab" value="4" />
    <option name="accentColor" value="d33682" />
    <option name="highlightColor" value="00bcd4" />
    <option name="selectedTheme" value="SOLARIZED_DARK" />
    <option name="userId" value="278ea203:177c5623ed9:-8000" />
    <option name="version" value="5.5.0" />
  </component>
</application>