<application>
  <component name="MaterialThemeConfig">
    <option name="contrastMode" value="true" />
    <option name="highlightColorEnabled" value="true" />
    <option name="premium" value="true" />
    <option name="allowDataCollection" value="true" />
    <option name="isHighlightColorEnabled" value="true" />
    <option name="isContrastMode" value="true" />
    <option name="overrideAccentColor" value="false" />
    <option name="pristineConfig" value="false" />
    <option name="treeFontSizeEnabled" value="true" />
    <option name="settingsSelectedTab" value="5" />
    <option name="accentColor" value="00bcd4" />
    <option name="highlightColor" value="00bcd4" />
    <option name="selectedTheme" value="SOLARIZED_DARK" />
    <option name="userId" value="3e7f4365:1796648cec5:-8000" />
    <option name="version" value="6.4.1" />
  </component>
</application>