<application>
  <component name="MaterialThemeConfig">
    <option name="compactStatusBar" value="true" />
    <option name="compactTables" value="true" />
    <option name="customTreeIndentEnabled" value="true" />
    <option name="allowDataCollection" value="true" />
    <option name="compactDropdowns" value="true" />
    <option name="isCompactStatusBar" value="true" />
    <option name="isCompactTables" value="true" />
    <option name="isCustomTreeIndentEnabled" value="true" />
    <option name="isTabsShadow" value="false" />
    <option name="isWizardShown" value="true" />
    <option name="overrideAccentColor" value="false" />
    <option name="pristineConfig" value="false" />
    <option name="statusBarTheme" value="false" />
    <option name="treeFontSizeEnabled" value="true" />
    <option name="upperCaseButtons" value="false" />
    <option name="customSidebarHeight" value="24" />
    <option name="treeFontSize" value="18" />
    <option name="indicatorThickness" value="4" />
    <option name="leftTreeIndent" value="10" />
    <option name="accentColor" value="00bcd4" />
    <option name="highlightColor" value="00bcd4" />
    <option name="selectedTheme" value="SOLARIZED_DARK" />
    <option name="userId" value="a983928:16e843d1128:-8000" />
    <option name="version" value="5.2.0" />
  </component>
</application>