<application>
  <component name="VimEditorSettings">
    <editor />
  </component>
  <component name="VimHistorySettings">
    <history>
      <history-search>
        <entry>down</entry>
        <entry encoding="base64">XDxUb1BCXD4=</entry>
        <entry encoding="base64">XDxSb290XD4=</entry>
      </history-search>
      <history-cmd>
        <entry>883</entry>
        <entry>/down</entry>
        <entry>nohl</entry>
        <entry>546</entry>
        <entry>call HideNumber()</entry>
        <entry>270</entry>
        <entry>607</entry>
        <entry>667</entry>
        <entry>26</entry>
        <entry>329</entry>
        <entry>bp</entry>
        <entry>lw</entry>
        <entry>w</entry>
      </history-cmd>
      <history-expr />
      <history-input />
    </history>
  </component>
  <component name="VimKeySettings">
    <shortcut-conflicts>
      <shortcut-conflict owner="vim">
        <text>pressed F2</text>
      </shortcut-conflict>
      <shortcut-conflict owner="vim">
        <text>pressed F3</text>
      </shortcut-conflict>
      <shortcut-conflict owner="vim">
        <text>ctrl pressed Q</text>
      </shortcut-conflict>
      <shortcut-conflict owner="vim">
        <text>ctrl pressed D</text>
      </shortcut-conflict>
      <shortcut-conflict owner="vim">
        <text>ctrl pressed H</text>
      </shortcut-conflict>
      <shortcut-conflict owner="vim">
        <text>ctrl pressed R</text>
      </shortcut-conflict>
      <shortcut-conflict owner="vim">
        <text>ctrl pressed T</text>
      </shortcut-conflict>
      <shortcut-conflict owner="vim">
        <text>pressed F1</text>
      </shortcut-conflict>
      <shortcut-conflict owner="vim">
        <text>ctrl pressed J</text>
      </shortcut-conflict>
      <shortcut-conflict owner="vim">
        <text>ctrl pressed K</text>
      </shortcut-conflict>
      <shortcut-conflict owner="vim">
        <text>ctrl pressed A</text>
      </shortcut-conflict>
      <shortcut-conflict owner="vim">
        <text>ctrl pressed E</text>
      </shortcut-conflict>
    </shortcut-conflicts>
  </component>
  <component name="VimMarksSettings">
    <globalmarks />
    <filemarks>
      <file name="$USER_HOME$/code/golang-design-pattern/00_simple_factory/simple.go" timestamp="1591363322258">
        <mark key="[" line="0" column="8" />
        <mark key="]" line="0" column="11" />
        <mark key="." line="0" column="10" />
        <mark key="^" line="0" column="11" />
      </file>
      <file name="$USER_HOME$/code/leetcode/editor/cn/[23]合并K个排序链表.java" timestamp="1591673926128">
        <mark key="[" line="31" column="19" />
        <mark key="]" line="31" column="23" />
        <mark key="^" line="31" column="23" />
        <mark key="." line="31" column="22" />
      </file>
      <file name="$USER_HOME$/code/leetcode/editor/cn/[94]二叉树的中序遍历.java" timestamp="1591674257267">
        <mark key="[" line="36" column="19" />
        <mark key="]" line="36" column="25" />
        <mark key="." line="36" column="24" />
        <mark key="^" line="36" column="25" />
      </file>
      <file name="$USER_HOME$/code/books/Go并发编程实战/chapter003/pipe.go" timestamp="1591685567378">
        <mark key="[" line="28" column="21" />
        <mark key="]" line="28" column="33" />
        <mark key="." line="28" column="32" />
        <mark key="^" line="28" column="33" />
      </file>
      <file name="$USER_HOME$/code/leetcode/editor/cn/main/[5]最长回文子串.java" timestamp="1591672999701">
        <mark key="[" line="0" column="13" />
        <mark key="]" line="1" column="0" />
        <mark key="^" line="1" column="0" />
        <mark key="." line="1" column="0" />
      </file>
      <file name="$USER_HOME$/code/leetcode/editor/cn/[347]前 K 个高频元素.java" timestamp="1591683203398">
        <mark key="'" line="30" column="0" />
        <mark key="[" line="60" column="15" />
        <mark key="]" line="60" column="21" />
        <mark key="." line="60" column="20" />
        <mark key="^" line="60" column="21" />
      </file>
      <file name="$USER_HOME$/code/leetcode/editor/cn/[144]二叉树的前序遍历.java" timestamp="1591674419146">
        <mark key="[" line="46" column="9" />
        <mark key="]" line="47" column="8" />
        <mark key="^" line="47" column="8" />
        <mark key="." line="47" column="7" />
      </file>
      <file name="$USER_HOME$/code/golang-design-pattern/00_simple_factory/simple_test.go" timestamp="1591362278306">
        <mark key="[" line="5" column="20" />
        <mark key="]" line="6" column="21" />
        <mark key="^" line="6" column="21" />
        <mark key="." line="6" column="20" />
      </file>
      <file name="$USER_HOME$/code/books/Go并发编程实战/chapter02/panic_and_recover.go" timestamp="1591600968690">
        <mark key="[" line="7" column="18" />
        <mark key="]" line="7" column="25" />
        <mark key="^" line="7" column="25" />
        <mark key="." line="7" column="24" />
      </file>
      <file name="$USER_HOME$/code/books/Go并发编程实战/cmd/main.go" timestamp="1591600581501">
        <mark key="[" line="8" column="0" />
        <mark key="]" line="8" column="0" />
        <mark key="." line="8" column="0" />
      </file>
      <file name="$USER_HOME$/code/golang-design-pattern/00-simple-factory/simple.go" timestamp="1591362179830">
        <mark key="[" line="34" column="0" />
        <mark key="]" line="34" column="0" />
        <mark key="." line="34" column="0" />
        <mark key="^" line="32" column="18" />
      </file>
      <file name="$USER_HOME$/code/structs/tags.go" timestamp="1591602339387">
        <mark key="[" line="20" column="46" />
        <mark key="]" line="20" column="51" />
        <mark key="^" line="20" column="51" />
        <mark key="." line="20" column="50" />
      </file>
      <file name="$USER_HOME$/code/leetcode/editor/cn/main/[3]无重复字符的最长子串.java" timestamp="1591673009909">
        <mark key="[" line="25" column="12" />
        <mark key="]" line="25" column="13" />
        <mark key="^" line="25" column="13" />
        <mark key="." line="25" column="12" />
      </file>
      <file name="/Dummy.txt" timestamp="1591363759780">
        <mark key="[" line="0" column="0" />
        <mark key="." line="0" column="38" />
      </file>
      <file name="$USER_HOME$/code/books/Go并发编程实战/chapter01/hello.go" timestamp="1591598387431">
        <mark key="[" line="10" column="0" />
        <mark key="]" line="10" column="0" />
        <mark key="." line="10" column="0" />
      </file>
      <file name="$USER_HOME$/code/books/Go并发编程实战/chapter003/sig.go" timestamp="1591686584523">
        <mark key="[" line="9" column="15" />
        <mark key="]" line="10" column="19" />
        <mark key="^" line="10" column="19" />
        <mark key="." line="10" column="18" />
      </file>
      <file name="$USER_HOME$/code/leetcode/editor/cn/[145]二叉树的后序遍历.java" timestamp="1591681553746">
        <mark key="[" line="32" column="4" />
        <mark key="]" line="32" column="12" />
        <mark key="." line="32" column="11" />
        <mark key="^" line="32" column="12" />
      </file>
      <file name="$USER_HOME$/code/golang-design-pattern/go.mod" timestamp="1591363041917">
        <mark key="[" line="0" column="0" />
        <mark key="]" line="0" column="0" />
        <mark key="." line="0" column="0" />
      </file>
      <file name="$USER_HOME$/code/leetcode/editor/cn/[3]无重复字符的最长子串.java" timestamp="1591672936718">
        <mark key="'" line="32" column="0" />
        <mark key="[" line="24" column="0" />
        <mark key="]" line="25" column="12" />
        <mark key="." line="25" column="11" />
        <mark key="^" line="25" column="12" />
      </file>
    </filemarks>
    <jumps>
      <jump line="1015" column="28" filename="$USER_HOME$/.gvm/gos/go1.14/src/cmd/go/alldocs.go" />
      <jump line="36" column="15" filename="$USER_HOME$/code/awesome-go/go-by-demos/go.mod" />
      <jump line="46" column="0" filename="$USER_HOME$/code/awesome-go/go-by-demos/go.mod" />
      <jump line="22" column="8" filename="$USER_HOME$/code/awesome-go/go-by-demos/go.mod" />
      <jump line="13" column="0" filename="$USER_HOME$/code/awesome-go/advanced-go-programming/ch01.basic/singleton.go" />
      <jump line="545" column="16" filename="$USER_HOME$/laix/warden/net/http/handler/bell/get_activities.go" />
      <jump line="551" column="45" filename="$USER_HOME$/laix/warden/net/http/handler/bell/get_activities.go" />
      <jump line="553" column="45" filename="$USER_HOME$/laix/warden/net/http/handler/bell/get_activities.go" />
      <jump line="472" column="72" filename="$USER_HOME$/laix/warden/net/http/handler/bell/get_activities.go" />
      <jump line="70" column="51" filename="$USER_HOME$/laix/bell-service/rpc/handlers/bell/knowledge_points.go" />
      <jump line="59" column="17" filename="$USER_HOME$/laix/bell-service/rpc/util/kptreeutil/kptree.go" />
      <jump line="115" column="19" filename="$USER_HOME$/laix/bell-service/rpc/util/kptreeutil/kptree.go" />
      <jump line="12" column="4" filename="$USER_HOME$/laix/bell-service/rpc/util/kptreeutil/kptree.go" />
      <jump line="121" column="18" filename="$USER_HOME$/laix/warden/net/http/handler/bell/get_activities.go" />
      <jump line="34" column="16" filename="$USER_HOME$/code/leetcode/editor/cn/[2]两数相加.go" />
      <jump line="84" column="0" filename="$USER_HOME$/code/awesome-go/go-cache/lru/lru.go" />
      <jump line="87" column="0" filename="$USER_HOME$/code/awesome-go/go-cache/lru/lru.go" />
      <jump line="24" column="25" filename="$USER_HOME$/code/awesome-go/go-cache/byteview.go" />
      <jump line="12" column="0" filename="$USER_HOME$/code/awesome-go/go-cache/byteview.go" />
      <jump line="54" column="0" filename="$USER_HOME$/code/awesome-go/go-cache/gocache_test.go" />
      <jump line="52" column="0" filename="$USER_HOME$/code/awesome-go/go-cache/gocache_test.go" />
      <jump line="15" column="0" filename="$USER_HOME$/code/awesome-go/go-cache/http.go" />
      <jump line="7" column="14" filename="$USER_HOME$/code/awesome-go/go-cache/http.go" />
      <jump line="19" column="19" filename="$USER_HOME$/code/awesome-go/go-cache/byteview.go" />
      <jump line="42" column="0" filename="$USER_HOME$/code/awesome-go/go-cache/consistenthash/consistenthash_test.go" />
      <jump line="37" column="0" filename="$USER_HOME$/code/awesome-go/go-cache/consistenthash/consistenthash_test.go" />
      <jump line="8" column="13" filename="$USER_HOME$/code/awesome-go/books/go-web-program/chapter07/main.go" />
      <jump line="33" column="0" filename="$USER_HOME$/code/leetcode/editor/cn/[3]无重复字符的最长子串.java" />
      <jump line="5" column="7" filename="$USER_HOME$/code/分布式对象存储/chapter01/objects/get.go" />
      <jump line="32" column="0" filename="$USER_HOME$/code/leetcode/editor/cn/[347]前 K 个高频元素.java" />
      <jump line="62" column="0" filename="$USER_HOME$/code/leetcode/editor/cn/[347]前 K 个高频元素.java" />
      <jump line="30" column="0" filename="$USER_HOME$/code/leetcode/editor/cn/[347]前 K 个高频元素.java" />
    </jumps>
  </component>
  <component name="VimRegisterSettings">
    <registers>
      <register name="&quot;" type="4">
        <text>:</text>
      </register>
      <register name="-" type="4">
        <text>:</text>
      </register>
      <register name="/" type="4">
        <text encoding="base64">XDxSb290XD4=</text>
      </register>
      <register name="0" type="2">
        <text encoding="base64">CQlmbXQuUHJpbnRsbigiZXJyOiAiLCBlcnIpCgkJcmV0dXJuCg==</text>
      </register>
      <register name="1" type="2">
        <text encoding="base64">CQkK</text>
      </register>
      <register name="2" type="2">
        <text encoding="base64">CWNtZDAgOj0gZXhlYy5Db21tYW5kKCJlY2hvIiwgIi1uIiwgIlRoZSBmaXJzdCBjb21tYW5kIGNvbWVzIGZyb20gR29sYW5nLiIpCgkK</text>
      </register>
      <register name="3" type="2">
        <text encoding="base64">CWlmIGVyciA6PSBjbWQwLlN0YXJ0KCk7IGVyciAhPSBuaWwgewo=</text>
      </register>
      <register name="4" type="2">
        <text encoding="base64">CQlmbXQuUHJpbnRsbigiZXJyOiAiLCBlcnIpCg==</text>
      </register>
      <register name="5" type="2">
        <text encoding="base64">fQo=</text>
      </register>
      <register name="6" type="2">
        <text encoding="base64">CX0K</text>
      </register>
      <register name="7" type="2">
        <text encoding="base64">ICAgICAgICAgICAgcmVzdWx0W10K</text>
      </register>
      <register name="8" type="2">
        <text encoding="base64">ICAgICAgICBmb3IgKEludGVnZXIgaXRlbSA6IHRvcEspIHsKICAgICAgICAgICAgcmVzdWx0LmEKICAgICAgICB9Cg==</text>
      </register>
      <register name="9" type="2">
        <text encoding="base64">ICAgICAgICB0b3BLLnRvQXJyYXkocmVzdWx0KTsK</text>
      </register>
      <register name=":" type="4">
        <text>w</text>
      </register>
    </registers>
  </component>
  <component name="VimSearchSettings">
    <search>
      <last-search encoding="base64">XDxSb290XD4=</last-search>
      <last-offset />
      <last-pattern encoding="base64">XDxSb290XD4=</last-pattern>
      <last-dir>1</last-dir>
      <show-last>false</show-last>
    </search>
  </component>
  <component name="VimSettings">
    <state version="6" enabled="true" />
    <notifications>
      <idea-join enabled="true" />
      <idea-put enabled="false" />
    </notifications>
  </component>
</application>