<application>
  <component name="ProjectJdkTable">
    <jdk version="2">
      <name value="Pipenv (py-demo)" />
      <type value="Python SDK" />
      <version value="Python 3.8.5" />
      <homePath value="$USER_HOME$/.local/share/virtualenvs/py-demo-2Ic8gdBe/bin/python" />
      <roots>
        <classPath>
          <root type="composite">
            <root url="file:///usr/local/opt/python@3.8/Frameworks/Python.framework/Versions/3.8/lib/python3.8" type="simple" />
            <root url="file:///usr/local/opt/python@3.8/Frameworks/Python.framework/Versions/3.8/lib/python3.8/lib-dynload" type="simple" />
            <root url="file://$USER_HOME$/.local/share/virtualenvs/py-demo-2Ic8gdBe/lib/python3.8/site-packages" type="simple" />
            <root url="file://$USER_HOME$/Library/Caches/JetBrains/PyCharm2020.2/python_stubs/-2006438225" type="simple" />
            <root url="file://$APPLICATION_HOME_DIR$/plugins/python/helpers/python-skeletons" type="simple" />
            <root url="file://$APPLICATION_HOME_DIR$/plugins/python/helpers/typeshed/stdlib/3.7" type="simple" />
            <root url="file://$APPLICATION_HOME_DIR$/plugins/python/helpers/typeshed/stdlib/3" type="simple" />
            <root url="file://$APPLICATION_HOME_DIR$/plugins/python/helpers/typeshed/stdlib/2and3" type="simple" />
            <root url="file://$APPLICATION_HOME_DIR$/plugins/python/helpers/typeshed/third_party/3" type="simple" />
            <root url="file://$APPLICATION_HOME_DIR$/plugins/python/helpers/typeshed/third_party/2and3" type="simple" />
          </root>
        </classPath>
        <sourcePath>
          <root type="composite" />
        </sourcePath>
      </roots>
      <additional ASSOCIATED_PROJECT_PATH="$USER_HOME$/code/py-demo" IS_PIPENV="true" />
    </jdk>
  </component>
</application>