<application>
  <component name="libraryTable">
    <library name="Bundled Protobuf Distribution">
      <CLASSES />
      <JAVADOC />
      <SOURCES />
    </library>
    <library name="Pipenv (flasky) interpreter library">
      <CLASSES>
        <root url="file:///usr/local/opt/python@3.8/Frameworks/Python.framework/Versions/3.8/lib/python3.8" />
        <root url="file:///usr/local/opt/python@3.8/Frameworks/Python.framework/Versions/3.8/lib/python3.8/lib-dynload" />
        <root url="file://$USER_HOME$/.local/share/virtualenvs/flasky-NQ6fhOfu/lib/python3.8/site-packages" />
        <root url="file://$USER_HOME$/Library/Caches/JetBrains/IntelliJIdea2020.2/python_stubs/-1603623723" />
        <root url="file://$APPLICATION_PLUGINS_DIR$/python/helpers/python-skeletons" />
        <root url="file://$APPLICATION_PLUGINS_DIR$/python/helpers/typeshed/stdlib/3.7" />
        <root url="file://$APPLICATION_PLUGINS_DIR$/python/helpers/typeshed/stdlib/3" />
        <root url="file://$APPLICATION_PLUGINS_DIR$/python/helpers/typeshed/stdlib/2and3" />
        <root url="file://$APPLICATION_PLUGINS_DIR$/python/helpers/typeshed/third_party/3" />
        <root url="file://$APPLICATION_PLUGINS_DIR$/python/helpers/typeshed/third_party/2and3" />
      </CLASSES>
      <JAVADOC />
      <SOURCES>
        <root url="file:///usr/local/opt/python@3.8/Frameworks/Python.framework/Versions/3.8/lib/python3.8" />
        <root url="file:///usr/local/opt/python@3.8/Frameworks/Python.framework/Versions/3.8/lib/python3.8/lib-dynload" />
        <root url="file://$USER_HOME$/.local/share/virtualenvs/flasky-NQ6fhOfu/lib/python3.8/site-packages" />
        <root url="file://$USER_HOME$/Library/Caches/JetBrains/IntelliJIdea2020.2/python_stubs/-1603623723" />
        <root url="file://$APPLICATION_PLUGINS_DIR$/python/helpers/python-skeletons" />
        <root url="file://$APPLICATION_PLUGINS_DIR$/python/helpers/typeshed/stdlib/3.7" />
        <root url="file://$APPLICATION_PLUGINS_DIR$/python/helpers/typeshed/stdlib/3" />
        <root url="file://$APPLICATION_PLUGINS_DIR$/python/helpers/typeshed/stdlib/2and3" />
        <root url="file://$APPLICATION_PLUGINS_DIR$/python/helpers/typeshed/third_party/3" />
        <root url="file://$APPLICATION_PLUGINS_DIR$/python/helpers/typeshed/third_party/2and3" />
      </SOURCES>
    </library>
    <library name="Pipenv (fluent-python) interpreter library">
      <CLASSES>
        <root url="file:///usr/local/opt/python@3.8/Frameworks/Python.framework/Versions/3.8/lib/python3.8" />
        <root url="file:///usr/local/opt/python@3.8/Frameworks/Python.framework/Versions/3.8/lib/python3.8/lib-dynload" />
        <root url="file://$USER_HOME$/.local/share/virtualenvs/fluent-python-qroID8YG/lib/python3.8/site-packages" />
        <root url="file://$USER_HOME$/Library/Caches/JetBrains/IntelliJIdea2020.2/python_stubs/-1243377852" />
        <root url="file://$APPLICATION_PLUGINS_DIR$/python/helpers/python-skeletons" />
        <root url="file://$APPLICATION_PLUGINS_DIR$/python/helpers/typeshed/stdlib/3.7" />
        <root url="file://$APPLICATION_PLUGINS_DIR$/python/helpers/typeshed/stdlib/3" />
        <root url="file://$APPLICATION_PLUGINS_DIR$/python/helpers/typeshed/stdlib/2and3" />
        <root url="file://$APPLICATION_PLUGINS_DIR$/python/helpers/typeshed/third_party/3" />
        <root url="file://$APPLICATION_PLUGINS_DIR$/python/helpers/typeshed/third_party/2and3" />
      </CLASSES>
      <JAVADOC />
      <SOURCES>
        <root url="file:///usr/local/opt/python@3.8/Frameworks/Python.framework/Versions/3.8/lib/python3.8" />
        <root url="file:///usr/local/opt/python@3.8/Frameworks/Python.framework/Versions/3.8/lib/python3.8/lib-dynload" />
        <root url="file://$USER_HOME$/.local/share/virtualenvs/fluent-python-qroID8YG/lib/python3.8/site-packages" />
        <root url="file://$USER_HOME$/Library/Caches/JetBrains/IntelliJIdea2020.2/python_stubs/-1243377852" />
        <root url="file://$APPLICATION_PLUGINS_DIR$/python/helpers/python-skeletons" />
        <root url="file://$APPLICATION_PLUGINS_DIR$/python/helpers/typeshed/stdlib/3.7" />
        <root url="file://$APPLICATION_PLUGINS_DIR$/python/helpers/typeshed/stdlib/3" />
        <root url="file://$APPLICATION_PLUGINS_DIR$/python/helpers/typeshed/stdlib/2and3" />
        <root url="file://$APPLICATION_PLUGINS_DIR$/python/helpers/typeshed/third_party/3" />
        <root url="file://$APPLICATION_PLUGINS_DIR$/python/helpers/typeshed/third_party/2and3" />
      </SOURCES>
    </library>
    <library name="Pipenv (fluentpython) interpreter library">
      <CLASSES>
        <root url="file:///usr/local/opt/python@3.8/Frameworks/Python.framework/Versions/3.8/lib/python3.8" />
        <root url="file:///usr/local/opt/python@3.8/Frameworks/Python.framework/Versions/3.8/lib/python3.8/lib-dynload" />
        <root url="file://$USER_HOME$/.local/share/virtualenvs/fluentpython-rxZQut8E/lib/python3.8/site-packages" />
        <root url="file://$USER_HOME$/Library/Caches/JetBrains/IntelliJIdea2020.2/python_stubs/-514274201" />
        <root url="file://$APPLICATION_PLUGINS_DIR$/python/helpers/python-skeletons" />
        <root url="file://$APPLICATION_PLUGINS_DIR$/python/helpers/typeshed/stdlib/3.7" />
        <root url="file://$APPLICATION_PLUGINS_DIR$/python/helpers/typeshed/stdlib/3" />
        <root url="file://$APPLICATION_PLUGINS_DIR$/python/helpers/typeshed/stdlib/2and3" />
        <root url="file://$APPLICATION_PLUGINS_DIR$/python/helpers/typeshed/third_party/3" />
        <root url="file://$APPLICATION_PLUGINS_DIR$/python/helpers/typeshed/third_party/2and3" />
      </CLASSES>
      <JAVADOC />
      <SOURCES>
        <root url="file:///usr/local/opt/python@3.8/Frameworks/Python.framework/Versions/3.8/lib/python3.8" />
        <root url="file:///usr/local/opt/python@3.8/Frameworks/Python.framework/Versions/3.8/lib/python3.8/lib-dynload" />
        <root url="file://$USER_HOME$/.local/share/virtualenvs/fluentpython-rxZQut8E/lib/python3.8/site-packages" />
        <root url="file://$USER_HOME$/Library/Caches/JetBrains/IntelliJIdea2020.2/python_stubs/-514274201" />
        <root url="file://$APPLICATION_PLUGINS_DIR$/python/helpers/python-skeletons" />
        <root url="file://$APPLICATION_PLUGINS_DIR$/python/helpers/typeshed/stdlib/3.7" />
        <root url="file://$APPLICATION_PLUGINS_DIR$/python/helpers/typeshed/stdlib/3" />
        <root url="file://$APPLICATION_PLUGINS_DIR$/python/helpers/typeshed/stdlib/2and3" />
        <root url="file://$APPLICATION_PLUGINS_DIR$/python/helpers/typeshed/third_party/3" />
        <root url="file://$APPLICATION_PLUGINS_DIR$/python/helpers/typeshed/third_party/2and3" />
      </SOURCES>
    </library>
    <library name="Pipenv (python-cook-book) interpreter library">
      <CLASSES>
        <root url="file:///usr/local/opt/python@3.8/Frameworks/Python.framework/Versions/3.8/lib/python3.8" />
        <root url="file:///usr/local/opt/python@3.8/Frameworks/Python.framework/Versions/3.8/lib/python3.8/lib-dynload" />
        <root url="file://$USER_HOME$/.local/share/virtualenvs/python-cook-book-0ILxkW1I/lib/python3.8/site-packages" />
        <root url="file://$USER_HOME$/Library/Caches/JetBrains/IntelliJIdea2020.2/python_stubs/693987180" />
        <root url="file://$APPLICATION_PLUGINS_DIR$/python/helpers/python-skeletons" />
        <root url="file://$APPLICATION_PLUGINS_DIR$/python/helpers/typeshed/stdlib/3.7" />
        <root url="file://$APPLICATION_PLUGINS_DIR$/python/helpers/typeshed/stdlib/3" />
        <root url="file://$APPLICATION_PLUGINS_DIR$/python/helpers/typeshed/stdlib/2and3" />
        <root url="file://$APPLICATION_PLUGINS_DIR$/python/helpers/typeshed/third_party/3" />
        <root url="file://$APPLICATION_PLUGINS_DIR$/python/helpers/typeshed/third_party/2and3" />
      </CLASSES>
      <JAVADOC />
      <SOURCES>
        <root url="file:///usr/local/opt/python@3.8/Frameworks/Python.framework/Versions/3.8/lib/python3.8" />
        <root url="file:///usr/local/opt/python@3.8/Frameworks/Python.framework/Versions/3.8/lib/python3.8/lib-dynload" />
        <root url="file://$USER_HOME$/.local/share/virtualenvs/python-cook-book-0ILxkW1I/lib/python3.8/site-packages" />
        <root url="file://$USER_HOME$/Library/Caches/JetBrains/IntelliJIdea2020.2/python_stubs/693987180" />
        <root url="file://$APPLICATION_PLUGINS_DIR$/python/helpers/python-skeletons" />
        <root url="file://$APPLICATION_PLUGINS_DIR$/python/helpers/typeshed/stdlib/3.7" />
        <root url="file://$APPLICATION_PLUGINS_DIR$/python/helpers/typeshed/stdlib/3" />
        <root url="file://$APPLICATION_PLUGINS_DIR$/python/helpers/typeshed/stdlib/2and3" />
        <root url="file://$APPLICATION_PLUGINS_DIR$/python/helpers/typeshed/third_party/3" />
        <root url="file://$APPLICATION_PLUGINS_DIR$/python/helpers/typeshed/third_party/2and3" />
      </SOURCES>
    </library>
    <library name="Pipenv (web-scraping-with-python) interpreter library">
      <CLASSES>
        <root url="file:///usr/local/opt/python@3.8/Frameworks/Python.framework/Versions/3.8/lib/python3.8" />
        <root url="file:///usr/local/opt/python@3.8/Frameworks/Python.framework/Versions/3.8/lib/python3.8/lib-dynload" />
        <root url="file://$USER_HOME$/.local/share/virtualenvs/web-scraping-with-python-2XNyvgK4/lib/python3.8/site-packages" />
        <root url="file://$USER_HOME$/Library/Caches/JetBrains/IntelliJIdea2020.2/python_stubs/-1588046131" />
        <root url="file://$APPLICATION_PLUGINS_DIR$/python/helpers/python-skeletons" />
        <root url="file://$APPLICATION_PLUGINS_DIR$/python/helpers/typeshed/stdlib/3.7" />
        <root url="file://$APPLICATION_PLUGINS_DIR$/python/helpers/typeshed/stdlib/3" />
        <root url="file://$APPLICATION_PLUGINS_DIR$/python/helpers/typeshed/stdlib/2and3" />
        <root url="file://$APPLICATION_PLUGINS_DIR$/python/helpers/typeshed/third_party/3" />
        <root url="file://$APPLICATION_PLUGINS_DIR$/python/helpers/typeshed/third_party/2and3" />
      </CLASSES>
      <JAVADOC />
      <SOURCES>
        <root url="file:///usr/local/opt/python@3.8/Frameworks/Python.framework/Versions/3.8/lib/python3.8" />
        <root url="file:///usr/local/opt/python@3.8/Frameworks/Python.framework/Versions/3.8/lib/python3.8/lib-dynload" />
        <root url="file://$USER_HOME$/.local/share/virtualenvs/web-scraping-with-python-2XNyvgK4/lib/python3.8/site-packages" />
        <root url="file://$USER_HOME$/Library/Caches/JetBrains/IntelliJIdea2020.2/python_stubs/-1588046131" />
        <root url="file://$APPLICATION_PLUGINS_DIR$/python/helpers/python-skeletons" />
        <root url="file://$APPLICATION_PLUGINS_DIR$/python/helpers/typeshed/stdlib/3.7" />
        <root url="file://$APPLICATION_PLUGINS_DIR$/python/helpers/typeshed/stdlib/3" />
        <root url="file://$APPLICATION_PLUGINS_DIR$/python/helpers/typeshed/stdlib/2and3" />
        <root url="file://$APPLICATION_PLUGINS_DIR$/python/helpers/typeshed/third_party/3" />
        <root url="file://$APPLICATION_PLUGINS_DIR$/python/helpers/typeshed/third_party/2and3" />
      </SOURCES>
    </library>
    <library name="Python 3.8 interpreter library">
      <CLASSES />
      <JAVADOC />
      <SOURCES />
    </library>
  </component>
</application>