<application>
  <component name="FileTypeManager" version="17">
    <extensionMap>
      <mapping ext="gradle.kts" type="Kotlin" />
      <mapping ext="main.kts" type="Kotlin" />
      <mapping pattern="curl" type="Native" />
      <mapping pattern="demo" type="PLAIN_TEXT" />
      <mapping pattern=".keep" type="PLAIN_TEXT" />
      <mapping pattern="http-server" type="PLAIN_TEXT" />
      <mapping pattern="reward_notice" type="PLAIN_TEXT" />
      <mapping ext="sqlite3" type="PLAIN_TEXT" />
    </extensionMap>
  </component>
</application>