<code_scheme name="Default" version="173">
  <option name="LINE_SEPARATOR" value="&#10;" />
  <GoCodeStyleSettings>
    <option name="REMOVE_REDUNDANT_IMPORT_ALIASES" value="true" />
    <option name="ADD_LEADING_SPACE_TO_COMMENTS" value="true" />
    <option name="MOVE_ALL_IMPORTS_IN_ONE_DECLARATION" value="true" />
    <option name="MOVE_ALL_STDLIB_IMPORTS_IN_ONE_GROUP" value="true" />
    <option name="GROUP_STDLIB_IMPORTS" value="true" />
    <option name="GROUP_CURRENT_PROJECT_IMPORTS" value="true" />
  </GoCodeStyleSettings>
  <codeStyleSettings language="JAVA">
    <indentOptions>
      <option name="USE_TAB_CHARACTER" value="true" />
    </indentOptions>
  </codeStyleSettings>
  <codeStyleSettings language="go">
    <option name="WRAP_ON_TYPING" value="0" />
    <indentOptions>
      <option name="SMART_TABS" value="true" />
    </indentOptions>
  </codeStyleSettings>
</code_scheme>