<application>
  <component name="UISettings">
    <option name="COLOR_BLINDNESS" value="deuteranopia" />
    <option name="compactTreeIndents" value="true" />
    <option name="MARK_MODIFIED_TABS_WITH_ASTERISK" value="true" />
    <option name="OPEN_TABS_AT_THE_END" value="true" />
    <option name="OVERRIDE_NONIDEA_LAF_FONTS" value="true" />
    <option name="SHOW_MAIN_TOOLBAR" value="true" />
    <option name="SORT_TABS_ALPHABETICALLY" value="true" />
    <option name="CONTRAST_SCROLLBARS" value="true" />
  </component>
</application>